/* Banco de Dados */

-- Criação do banco de dados e conexão com ele.
CREATE DATABASE glamsync;
\c glamsync;

/* Tabela de Categorias */
-- Criação da tabela para armazenar categorias de posts.
CREATE TABLE categories (
    id SERIAL PRIMARY KEY,
    name VARCHAR(150) NOT NULL UNIQUE
);

-- Inserção de dados de exemplo na tabela de categorias.
INSERT INTO categories (name) VALUES
    ('Dress'),
    ('Hat'),
    ('Shoes'),
    ('Make Up'),
    ('Accessory');

/* Tabela de Usuários */
-- Criação da tabela para armazenar informações dos usuários.
CREATE TABLE users (
    id SERIAL PRIMARY KEY,
    name VARCHAR(100) NOT NULL,
    username VARCHAR(50) UNIQUE NOT NULL,
    email VARCHAR(100) UNIQUE NOT NULL,
    location VARCHAR(100),
    photo TEXT,
    following INT DEFAULT 0,
    followers INT DEFAULT 0,
    created_user TIMESTAMP DEFAULT CURRENT_TIMESTAMP
);

-- Inserção de dados de exemplo na tabela de usuários.
INSERT INTO users (name, username, email, location, photo, following, followers) 
VALUES 
    ('Alice Johnson', 'alicej', 'alice@example.com', 'New York', '00e9f878c36e4c659ff5d21d1e0637bf', 10, 50),
    ('Bob Smith', 'bobsmith', 'bob@example.com', 'Los Angeles', '0c88676563bc6f621320f904cd8ddcba', 20, 100),
    ('Charlie Brown', 'charlieb', 'charlie@example.com', 'Chicago', '0b02ec72d65cc5a4c0a78a3b0f630037', 15, 75),
    ('Diana Prince', 'dianap', 'diana@example.com', 'San Francisco', '1ce71bfececf8c66cf13e18890d0d905', 30, 200),
    ('Ethan Hunt', 'ethanh', 'ethan@example.com', 'Miami', '1f55a7a68f24d839c9353df37db496f7', 25, 150);

/* Tabela de Posts */
-- Criação da tabela para armazenar informações dos posts.
CREATE TABLE posts (
    id SERIAL PRIMARY KEY,
    user_id INTEGER REFERENCES users(id) ON DELETE CASCADE,
    categorie_id INTEGER REFERENCES categories(id) ON DELETE CASCADE,
    content TEXT NOT NULL,
    photo TEXT,
    likes INT DEFAULT 0,
    comments INT DEFAULT 0,
    created_at TIMESTAMP DEFAULT CURRENT_TIMESTAMP
);

-- Inserção de dados de exemplo na tabela de posts.
INSERT INTO posts (user_id, content, categorie_id, photo, likes, comments) 
VALUES
    (1, 'Look do dia', 1, '8dec83cc85f939b03041ff41b92d8c22', 15, 3),
    (2, 'Acessórios fazem toda a diferença no visual.', 5, '1ce71bfececf8c66cf13e18890d0d905', 22, 5),
    (3, 'Dica de maquiagem para o verão!', 4, '2c906966e4326b24c6464a147579ffdb', 30, 7),
    (4, 'Touca estilosa para proteger do inverno.', 2, '3b8bff8bf9bc819f86fa2e46d5fad151', 10, 2),
    (5, 'Sapatos confortáveis para o dia a dia.', 3, '3ae3f559f6bb1cfb06cb926f0fe67cf5', 18, 4);

/* Tabela de Chats */
-- Criação da tabela para armazenar mensagens de chat.
CREATE TABLE chats (
    id SERIAL PRIMARY KEY,
    user_id INTEGER REFERENCES users(id) ON DELETE CASCADE,
    message TEXT NOT NULL,
    created_at TIMESTAMP DEFAULT CURRENT_TIMESTAMP
);

-- Inserção de dados de exemplo na tabela de chats.
INSERT INTO chats (user_id, message) VALUES
    (1, 'A moda e uma forma de liberdade. Liberte-se!'),
    (2, 'Qual sua peca favorita no guarda-roupa?'),
    (3, 'Aposte em acessorios para transformar qualquer look!'),
    (4, 'Estilo e a expressao da sua personalidade. Seja voce!'),
    (5, 'Sustentabilidade na moda e o futuro. Vamos juntos!'),
    (6, 'Look do dia: conforto e estilo sempre!'),
    (7, 'Ja experimentou misturar estampas? Fica incrivel!'),
    (8, 'Invista em pecas que valorizam seu corpo e estilo.'),
    (10, 'O segredo do estilo esta nos detalhes.'),
    (11, 'Como escolher o jeans perfeito? Aposte no conforto!'),
    (12, 'Voce e mais classico ou moderno na moda?'),
    (13, 'Acessorios grandes para um look poderoso!'),
    (14, 'Look monocromatico: simples e elegante.'),
    (15, 'Moda e arte, vista-se como uma obra-prima!'),
    (16, 'Combinar cores pode ser divertido e estiloso!'),
    (17, 'Pecas basicas sao essenciais para qualquer guarda-roupa.'),
    (18, 'Roupas confortaveis tambem podem ser estilosas!'),
    (19, 'Ja pensou em customizar suas roupas?'),
    (20, 'Invista em sapatos que combinam com tudo!'),
    (21, 'A moda e para todos: encontre seu estilo unico!'),
    (22, 'O que nao pode faltar no seu closet? Conta pra gente!'),
    (23, 'Estampas florais sao a cara da primavera!'),
    (24, 'Roupas feitas com amor fazem toda a diferenca.'),
    (25, 'Aposte em looks que refletem sua autenticidade!'),
    (26, 'Voce prefere roupas neutras ou coloridas?'),
    (27, 'Look comfy para um dia relax, quem curte?'),
    (28, 'Quer dicas para cuidar melhor das suas roupas?'),
    (29, 'Tem alguma peca xodo no seu armario? Conta!'),
    (30, 'Como escolher a bolsa ideal para o dia a dia?'),
    (31, 'A moda e uma forma de expressao sem palavras!'),
    (32, 'Roupas oversize sao super estilosas e confortaveis!'),
    (33, 'Qual seu acessorio favorito para dar um up no look?'),
    (34, 'Ja usou roupas de brecho? Tem charme unico!'),
    (35, 'Mix de estampas: atrevimento com estilo!'),
    (36, 'Pecas sustentaveis ajudam o planeta e o estilo!'),
    (37, 'Ja fez um look inspirado em uma celebridade? Quem?'),
    (38, 'O que nao pode faltar num look de festa?'),
    (39, 'Qual sua cor favorita para se vestir?'),
    (40, 'Moda casual: conforto e estilo na medida certa!'),
    (41, 'Os detalhes fazem toda a diferenca no visual!'),
    (42, 'Voce prefere acessorios grandes ou discretos?'),
    (43, 'O que acha de apostar em estampas geometricas?'),
    (44, 'Ja experimentou looks monocromaticos? Sao incriveis!'),
    (45, 'Como escolher o vestido ideal para uma ocasiao especial?'),
    (46, 'Roupas justas ou soltas: qual seu estilo?'),
    (47, 'Qual seu look preferido para um passeio no parque?'),
    (49, 'Qual peca voce acha que e um investimento de moda?'),
    (50, 'Look streetwear para quem curte estilo urbano!'),
    (51, 'Ja usou chapeu como acessorio? Super estiloso!'),
    (52, 'Moda e conforto podem andar juntos sim!'),
    (53, 'Qual a peca que voce sempre repete no dia a dia?'),
    (54, 'Invista em roupas que fazem voce se sentir confiante!'),
    (55, 'O que acha de pecas feitas com tecidos tecnologicos?'),
    (56, 'Ja pensou em montar um guarda-roupa capsula?'),
    (57, 'Looks coloridos para dar energia no seu dia!'),
    (58, 'Voce prefere looks mais formais ou despojados?'),
    (59, 'Como combinar sapatos com a roupa? Dica rapida!'),
    (60, 'Roupas de inverno que alem de quentinhas sao estilosas!'),
    (61, 'Qual seu estilo favorito de jaqueta?'),
    (62, 'Os acessorios certos transformam qualquer look!'),
    (63, 'Ja experimentou usar roupas com estampa animal?'),
    (64, 'Qual seu look ideal para um encontro?'),
    (65, 'Dica: roupas de cores neutras combinam com tudo!'),
    (66, 'Voce prefere roupas feitas a mao ou industrializadas?'),
    (67, 'Como escolher o melhor jeans para seu corpo?'),
    (68, 'Moda sustentavel: pequenas atitudes, grande impacto!'),
    (69, 'Ja fez customizacao DIY nas suas roupas?'),
    (70, 'Qual peca vintage voce gostaria de ter?'),
    (71, 'Look para o verao: frescor e estilo na medida!'),
    (72, 'Voce prefere estampas florais ou geometricas?'),
    (73, 'Sapatos confortaveis para usar o dia todo!'),
    (74, 'Aposte em acessorios que refletem sua personalidade!'),
    (75, 'Qual peca e seu verdadeiro “curinga”?'),
    (76, 'Voce gosta de moda minimalista?'),
    (77, 'Como escolher um bom blazer para ocasioes formais?'),
    (78, 'Qual e a peca que voce gostaria de reinventar?'),
    (79, 'Dicas para combinar estampas sem errar!'),
    (80, 'Qual sua opiniao sobre fast fashion?'),
    (81, 'Voce tem um look favorito para sair com amigos?'),
    (82, 'Ja usou alguma peca inspirada em outra cultura?'),
    (83, 'Looks para dias chuvosos com estilo!'),
    (84, 'Voce prefere bolsas grandes ou pequenas?'),
    (85, 'Qual seu acessorio indispensavel para o inverno?'),
    (85, 'Como usar roupas oversize sem perder o estilo?'),
    (87, 'Roupas feitas por designers independentes tem personalidade!'),
    (88, 'Qual seu estilo preferido para o trabalho?'),
    (89, 'Voce gosta de usar chapeus ou bones?'),
    (90, 'Dica rapida: misture tecidos para um look diferenciado!'),
    (91, 'Como a moda pode ajudar na autoestima?'),
    (93, 'Ja experimentou usar roupas com brilho?'),
    (94, 'A moda e uma arte que voce veste todo dia!'),
    (95, 'Qual peca voce nunca deixaria de lado?'),
    (96, 'Ja fez alguma troca de roupas com amigas?'),
    (97, 'Como cuidar das suas roupas para durarem mais?'),
    (98, 'Voce prefere looks mais classicos ou alternativos?'),
    (99, 'Qual seu sapato favorito para eventos formais?'),
    (100, 'A moda e sua melhor forma de se expressar! Seja autentico(a)!');

/* Tabela de Notificações */
-- Criação da tabela para armazenar notificações.
CREATE TABLE notifications (
    id SERIAL PRIMARY KEY,
    user_id INTEGER REFERENCES users(id) ON DELETE CASCADE,
    post_id INTEGER REFERENCES posts(id) ON DELETE CASCADE,
    chat_id INTEGER REFERENCES chats(id) ON DELETE CASCADE, 
    message TEXT NOT NULL,
    created_at TIMESTAMP DEFAULT CURRENT_TIMESTAMP
);

-- Inserção de dados de exemplo na tabela de notificações.
INSERT INTO notifications (user_id, post_id, chat_id, message) VALUES
(1, 1, 1, 'Voce foi marcado em uma nova publicacao.'),
(2, 1, 2, 'Alguem comentou no seu post! Confira agora.'),
(3, 2, 3, 'Chegou um novo comentario para voce.'),
(4, 2, 4, 'Um novo comentario surgiu na sua timeline.'),
(5, 3, 5, 'Um usuario curtiu sua ultima postagem.'),
(6, 3, 6, 'Voce foi mencionado em uma conversa.'),
(7, 3, 7, 'Notificacao: novo comentario recebido.'),
(8, 4, 8, 'O seu conteudo esta ganhando atencao! Veja quem interagiu.'),
(10, 5, 10, 'Seu conteudo chamou atencao! Novo comentario.'),
(11, 6, 11, 'Voce foi marcado em uma nova publicacao.'),
(12, 6, 12, 'Mais uma curtida no seu post. As pessoas estao adorando!'),
(13, 7, 13, 'Seu comentario foi respondido!'),
(14, 7, 14, 'Curtiram seu post! Va conferir!'),
(15, 8, 15, 'Curtiram seu post! Va conferir!'),
(16, 8, 16, 'Voce foi marcado em uma nova publicacao.'),
(18, 10, 18, 'Tem novidade no seu post. Alguem interagiu!'),
(19, 10, 19, 'Mais uma curtida no seu post. As pessoas estao adorando!'),
(20, 10, 20, 'Voce foi marcado em uma nova publicacao.'),
(21, 11, 21, 'Voce recebeu uma nova curtida agora mesmo.'),
(22, 11, 22, 'Nova interacao no seu conteudo! Veja quem comentou.'),
(23, 12, 23, 'Nova curtida recebida. Continue postando!'),
(24, 12, 24, 'Parabens! Voce recebeu uma nova curtida.'),
(25, 13, 25, 'Nova interacao no seu conteudo! Veja quem comentou.'),
(26, 13, 26, 'Um usuario curtiu sua ultima postagem.'),
(27, 14, 27, 'Curtida recebida! Alguem gostou da sua postagem.'),
(28, 14, 28, 'Notificacao: novo comentario recebido.'),
(29, 14, 29, 'Chegou um novo comentario para voce.'),
(30, 14, 30, 'Voce foi mencionado em um comentario.');

-- Insercao de notificacoes adicionais sem chat_id.
INSERT INTO notifications (user_id, post_id, message) VALUES
(31, 15, 'Voce ganhou uma curtida extra! Veja quem foi.'),
(32, 15, 'Alguem comentou no seu post! Confira agora.'),
(33, 16, 'Novo comentario detectado. Confira agora.'),
(34, 16, 'Notificacao: novo comentario recebido.'),
(37, 18, 'Voce foi mencionado em uma conversa.'),
(38, 18, 'Curtiram seu post! Va conferir!'),
(39, 18, 'Parabens! Voce recebeu uma nova curtida.'),
(40, 19, 'Chegou um novo comentario para voce.'),
(41, 19, 'Um novo comentario surgiu na sua timeline.'),
(42, 19, 'Seu post recebeu uma nova interacao.'),
(43, 20, 'Curtida recebida! Alguem gostou da sua postagem.'),
(44, 20, 'Voce foi marcado em uma nova publicacao.'),
(45, 21, 'Alerta de interacao: seu post recebeu uma curtida.'),
(46, 21, 'Novo comentario na sua postagem!'),
(47, 22, 'Alguem comentou no seu post! Confira agora.'),
(49, 23, 'Mais uma curtida no seu post. As pessoas estao adorando!'),
(50, 24, 'Nova curtida recebida. Continue postando!'),
(51, 24, 'Seu conteudo chamou atencao! Novo comentario.'),
(52, 25, 'O seu conteudo esta ganhando atencao! Veja quem interagiu.'),
(53, 26, 'Seu post recebeu uma nova interacao.'),
(54, 27, 'Voce foi marcado em uma nova publicacao.'),
(55, 27, 'Notificacao: novo comentario recebido.'),
(56, 28, 'Voce ganhou uma curtida extra! Veja quem foi.'),
(57, 29, 'Alguem comentou no seu post! Confira agora.'),
(58, 30, 'Voce foi mencionado em uma conversa.'),
(59, 31, 'Curtiram seu post! Va conferir!'),
(60, 32, 'Parabens! Voce recebeu uma nova curtida.');


/* Tabela de Comentários */
-- Criação da tabela para armazenar comentários nos posts.
CREATE TABLE comments (
    id SERIAL PRIMARY KEY,
    user_id INTEGER REFERENCES users(id) ON DELETE CASCADE,
    post_id INTEGER REFERENCES posts(id) ON DELETE CASCADE,
    text_comment VARCHAR(350),
    date_comment TIMESTAMP DEFAULT CURRENT_TIMESTAMP
);

-- Inserção de dados de exemplo na tabela de comentários.
INSERT INTO comments (user_id, post_id, text_comment) 
VALUES 
    (1, 6, 'Roupas de inverno sao as melhores'),
    (2, 7, 'Amo o inverno'),
    (3, 8, 'Roupas de verao sao as melhores'),
    (4, 2, 'Amo o verao'),
    (5, 3, 'Roupas de outono sao as melhores'),
    (6, 3, 'Amo o outono'),
    (7, 4, 'Roupas de primavera sao as melhores'),
    (8, 4, 'Amo a primavera'),
    (1, 5, 'Roupas de praia sao muito divas'),
    (2, 6, 'Simplesmente impecavel Esse look ta um arraso'),
    (3, 6, 'O estilo ta em outro nivel Amei demais'),
    (7, 7, 'Voce sempre entrega tudo no visual'),
    (4, 7, 'Chique moderno e cheio de atitude Amei'),
    (5, 8, 'Essa combinacao ficou perfeita em voce'),
    (6, 8, 'Arrasou demais Voce e uma verdadeira fashionista'),
    (7, 9, 'Essa jaqueta e tudo Onde voce comprou'),
    (1, 10, 'Amei a combinacao de cores Super estiloso'),
    (2, 11, 'Esse vestido e um sonho Onde voce encontrou'),
    (3, 11, 'Voce ta linda demais Amei o look'),
    (4, 12, 'Essa blusa e tudo Voce arrasa no estilo'),
    (5, 12, 'Amei a estampa Super fashionista'),
    (6, 13, 'Esse look ta perfeito pra festa Arrasou'),
    (7, 13, 'Voce sempre entrega tudo no visual'),
    (8, 14, 'Essa combinacao ficou perfeita em voce'),
    (10, 15, 'Essa paleta de cores ta perfeita pro outono'),
    (1, 15, 'Look comfy e estiloso ao mesmo tempo'),
    (2, 16, 'A bota deu um toque poderoso no visual'),
    (3, 16, 'Da aula de estilo todo dia ne'),
    (5, 18, 'Metade fashion week metade sonho'),
    (12, 18, 'Qual a inspiracao desse look Amei demais'),
    (13, 19, 'Me ajuda a montar algo parecido To sem ideias'),
    (12, 19, 'Voce acha que esse look combina com tenis branco tambem'),
    (13, 20, 'Usaria facil esse look Tem link das pecas'),
    (14, 20, 'Voce e a definicao de estilo'),
    (15, 21, 'Cada look melhor que o outro como pode'),
    (2, 21, 'Voce transforma qualquer roupa em tendencia'),
    (2, 22, 'A energia desse visual ta surreal'),
    (3, 22, 'Look de milhoes');

INSERT INTO comments (user_id, post_id, text_comment) VALUES
    (23, 23, 'Essa calca e TUDO Onde encontro uma igual'),
    (12, 23, 'Amei como o blazer deu um ar sofisticado'),
    (12, 24, 'O vestido ta a coisa mais linda super delicado'),
    (1, 24, 'Esse conjunto ta super na moda amei a vibe'),
    (2, 25, 'Tenis branco e vestido Combinacao perfeita'),
    (3, 25, 'Esse look tem a sua cara Cheio de atitude'),
    (25, 26, 'Voce tem um estilo unico da pra ver de longe'),
    (26, 26, 'Zero defeitos Tudo combinando perfeitamente'),
    (27, 27, 'Da pra ver que voce entende MUITO de moda'),
    (28, 27, 'Inspirador Ja quero copiar esse estilo'),
    (29, 28, 'To te denunciando por excesso de beleza e estilo'),
    (30, 28, 'Me ensina a ser estilosa assim por favor'),
    (31, 29, 'Nem o espelho aguenta tanta beleza'),
    (32, 29, 'Voce e o proprio moodboard do Pinterest'),
    (33, 30, 'A moda agradece sua existencia'),
    (34, 30, 'Look incrivel Voce monta sozinha ou tem stylist'),
    (35, 31, 'Qual app voce usa pra editar as fotos Ficaram lindas'),
    (36, 31, 'Esse look daria super certo numa sessao de fotos profissional'),
    (37, 32, 'Daria certo com acessorios dourados tambem ne'),
    (38, 32, 'Qual a sua maior inspiracao de moda hoje em dia'),
    (39, 33, 'A cara do verao Look leve e cheio de estilo'),
    (40, 33, 'Esse biquini ta tudo A cor valorizou muito voce'),
    (41, 34, 'Praia estilo voce arrasando como sempre'),
    (42, 34, 'Diva solar Iluminando o feed com esse look'),
    (43, 35, 'Chapeu oculos biquini entregou tudo'),
    (44, 35, 'Look quentinho e estiloso a combinacao perfeita'),
    (45, 36, 'Frio com personalidade amei esse casaco demais'),
    (46, 36, 'Essa sobreposicao ficou INCRIVEL'),
    (47, 37, 'Look inverno digno de passarela'),
    (47, 37, 'Mostrando que no frio a gente tambem lacra'),
    (49, 38, 'Pronta pra brilhar a noite toda');

INSERT INTO comments (user_id, post_id, text_comment) VALUES
    (50, 38, 'Esse look ta digno de tapete vermelho'),
    (51, 38, 'Voce e a definicao de glamour e sofisticacao'),
    (52, 39, 'Look poderoso Essa producao ta de tirar o folego'),
    (53, 39, 'Muito brilho muita atitude Simplesmente perfeita'),
    (54, 40, 'A rainha da balada chegou e chegou linda'),
    (55, 40, 'Esse vestido ta digno de tapete vermelho'),
    (56, 41, 'Simples leve e mega estilosa Amei a vibe'),
    (57, 41, 'Look comfy que nao perde o charme'),
    (58, 42, 'Da vontade de usar esse look todo dia'),
    (59, 42, 'Look do dia aprovado com louvor'),
    (60, 43, 'Esse look ta MUITO street amei demais'),
    (61, 43, 'Estilo urbano que e puro impacto'),
    (62, 44, 'Voce e a definicao de street style'),
    (63, 44, 'Combinacao de cores impecavel ta demais'),
    (64, 45, 'Look street com atitude de sobra'),
    (65, 45, 'Pura sofisticacao Look digno de revista'),
    (66, 46, 'O classico nunca sai de moda e voce sabe usar como ninguem'),
    (67, 46, 'A elegancia mora nos detalhes e voce arrasou'),
    (68, 47, 'Esse look respira classe e estilo'),
    (69, 47, 'Visual impecavel e atemporal'),
    (50, 38, 'Look poderoso Essa producao ta de tirar o folego'),
    (51, 39, 'A rainha da balada chegou e chegou linda'),
    (52, 39, 'Muito brilho muita atitude Simplesmente perfeita'),
    (53, 40, 'Esse vestido ta digno de tapete vermelho'),
    (54, 40, 'Simples leve e mega estilosa Amei a vibe'),
    (55, 41, 'Look comfy que nao perde o charme'),
    (56, 41, 'Da vontade de usar esse look todo dia'),
    (57, 41, 'Casual sim sem graca nunca'),
    (58, 42, 'Look do dia aprovado com louvor'),
    (58, 42, 'Esse look ta MUITO street amei demais'),
    (59, 43, 'Estilo urbano que e puro impacto'),
    (60, 43, 'Voce e a definicao de street style'),
    (61, 44, 'Combinacao de cores impecavel ta demais'),
    (62, 44, 'Look street com atitude de sobra');

INSERT INTO comments (user_id, post_id, text_comment) VALUES
    (63, 45, 'Pura sofisticacao Look digno de revista'),
    (64, 45, 'O classico nunca sai de moda e voce sabe usar como ninguem'),
    (65, 46, 'A elegancia mora nos detalhes e voce arrasou'),
    (66, 46, 'Esse look respira classe e estilo'),
    (67, 47, 'Visual impecavel e atemporal'),
    (1, 47, 'Que combinacao de cores incrivel Esse look ficou super harmonico'),
    (1, 49, 'Voce tem um talento unico pra montar visuais estilosos e modernos'),
    (2, 49, 'Amei o contraste das pecas deu um ar super autentico ao look'),
    (2, 49, 'Look super bem pensado confortavel e cheio de personalidade'),
    (3, 49, 'Voce sempre acerta nos detalhes Esse visual ta impecavel'),
    (4, 50, 'Cada peca parece ter sido feita sob medida pra voce incrivel'),
    (5, 50, 'A escolha dos acessorios deu um toque final maravilhoso'),
    (6, 51, 'Da pra ver que voce entende de moda so pelo bom gosto'),
    (7, 51, 'Um dos melhores looks que vi hoje no feed serio mesmo'),
    (8, 52, 'Essa paleta de cores e a cara da estacao Amei demais'),
    (10, 53, 'Look super versatil usaria facil em varias ocasioes'),
    (11, 53, 'O equilibrio entre casual e chic ficou perfeito'),
    (12, 54, 'Ta parecendo capa de revista de moda Arrasou demais'),
    (13, 54, 'O look ta tao bom que nem sei o que elogiar primeiro'),
    (14, 55, 'Esse outfit transmite confianca e estilo'),
    (15, 55, 'A energia desse look ta surreal me inspirou real'),
    (16, 56, 'Look fresh leve e super atual Amei a vibe'),
    (17, 56, 'Que styling perfeito Essa composicao merece destaque'),
    (18, 57, 'Voce consegue transformar qualquer look simples em algo incrivel'),
    (19, 57, 'Seu estilo tem identidade e isso e raro de ver'),
    (20, 58, 'Que bom gosto Cada detalhe conversa com o outro'),
    (21, 58, 'Fashion ousada e autentica Amei o look inteiro'),
    (22, 59, 'Look comfy com pegada fashionista Voce entrega tudo'),
    (23, 59, 'Ta lindissima Esse visual te valorizou demais'),
    (24, 60, 'Ja favoritei pra usar como referencia no proximo look'),
    (25, 60, 'Inspiracao real de moda no feed hoje'),
    (26, 61, 'Essa jaqueta e o auge Onde voce achou essa lindeza'),
    (27, 61, 'Com esse estilo voce comanda qualquer ambiente'),
    (28, 62, 'Da aula de elegancia e autenticidade em cada post'),
    (29, 62, 'Seu visual fala por si cheio de atitude e bom gosto'),
    (30, 63, 'A producao ta perfeita Super profissional e estilosa'),
    (31, 63, 'Que vibe maravilhosa Transmite leveza e seguranca'),
    (32, 64, 'Roubei essa ideia pro meu proximo look ta incrivel'),
    (33, 64, 'Look digno de fashion week Voce arrasou demais'),
    (34, 65, 'Amo como voce combina pecas basicas com personalidade');

INSERT INTO comments (user_id, post_id, text_comment) VALUES
    (35, 65, 'Ta muito fashion parece saida direto de editorial'),
    (36, 66, 'Um visual criativo moderno e super bem executado'),
    (37, 66, 'Cores textura corte tudo no ponto certo'),
    (38, 67, 'Visual bem construido e cheio de presenca'),
    (39, 67, 'Essa composicao ficou muito alem do basico Voce brilhou'),
    (40, 68, 'Look com presenca Amei o impacto da producao'),
    (41, 68, 'Cada post seu e um banho de inspiracao fashion'),
    (42, 69, 'Que arraso Mostrando que moda e expressao'),
    (43, 69, 'Look super atual e com uma pegada descolada'),
    (44, 70, 'Voce dominou a estetica urbana com muita elegancia'),
    (45, 70, 'Ousada na medida certa Esse look ta incrivel'),
    (46, 71, 'Super bem equilibrado confortavel e fashion'),
    (47, 71, 'A silhueta do look ficou linda demais em voce'),
    (49, 72, 'Voce realmente sabe como valorizar cada peca'),
    (49, 72, 'Simplesmente apaixonadoa nesse look Voce tem um estilo unico'),
    (50, 73, 'O outfit ficou sofisticado sem perder a essencia urbana'),
    (51, 73, 'Consegue ser moderna elegante e ousada no mesmo look'),
    (52, 74, 'Essa composicao ta tao equilibrada que virou minha nova inspiracao'),
    (53, 74, 'Cada peca foi escolhida com tanta precisao to impressionadoa'),
    (54, 75, 'Voce faz da moda uma arte Cada post e um quadro'),
    (55, 75, 'Visual perfeito da cabeca aos pes'),
    (56, 76, 'Simples direto e cheio de atitude Amei o conceito'),
    (57, 76, 'Essa producao ta a cara do streetwear chique'),
    (58, 77, 'Nunca decepciona no estilo Ja virou referencia'),
    (59, 77, 'O equilibrio entre ousadia e sofisticacao ta surreal'),
    (60, 78, 'Um mix de tendencias com identidade amei demais'),
    (61, 78, 'Como consegue sempre inovar e surpreender no visual'),
    (62, 78, 'Ate o cenario combina com o look Tudo muito bem pensado'),
    (63, 77, 'Cada foto sua vira inspiracao pro meu proprio estilo'),
    (64, 80, 'Voce mostra que estilo e uma forma de expressao'),
    (65, 80, 'O caimento dessa roupa ficou perfeito em voce'),
    (66, 81, 'Que presenca Voce domina o look e o ambiente'),
    (67, 81, 'Super fashionista sem parecer forcado Isso e talento'),
    (68, 82, 'Essa producao me ganhou no primeiro olhar'),
    (69, 82, 'Look conceito e execucao perfeita'),
    (70, 83, 'Ouse mais O resultado fica incrivel em voce'),
    (71, 83, 'As combinacoes que voce faz sao sempre surpreendentes'),
    (72, 84, 'Da vontade de copiar esse look agora mesmo'),
    (73, 84, 'Acessorios incriveis Deram vida ao visual'),
    (74, 85, 'A vibe dessa foto com esse look ficou TUDO'),
    (75, 85, 'E sobre ter estilo e saber usar e voce sabe'),
    (76, 84, 'Visual criativo moderno e com alma'),
    (77, 84, 'Tudo tao bem encaixado parece editorial de moda'),
    (78, 87, 'Voce inspira com cada detalhe desse visual'),
    (80, 88, 'Totalmente fashion sem perder o conforto Isso sim'),
    (81, 88, 'O jogo de cores ficou sensacional Super original'),
    (82, 89, 'Eu so queria metade desse bom gosto kkkkk'),
    (83, 89, 'Esse visual tem um que de ousadia elegante'),
    (84, 90, 'O look ta tao bom que eu salvei aqui como referencia'),
    (85, 90, 'Um arraso do inicio ao fim Amei a composicao'),
    (84, 91, 'Look simples com presenca de sobra'),
    (87, 91, 'Essa e a definicao de estar bem vestida'),
    (88, 92, 'As camadas desse look ficaram incriveis Super estilosa'),
    (89, 92, 'Voce entrega conteudo de moda com alma'),
    (90, 93, 'Gosto tanto desse estilo que ja virou meu preferido'),
    (91, 93, 'Essa producao ta gritando confianca Adorei'),
    (91, 94, 'O toque urbano nesse look fez toda a diferenca'),
    (93, 94, 'Ta uma visao de tao linda com esse visual'),
    (94, 95, 'Essa harmonia entre pecas e acessorios ficou perfeita'),
    (95, 95, 'O look e top mas sua atitude e o que da o brilho final'),
    (96, 96, 'Achei tudo muito bem coordenado Parabens pelo bom gosto'),
    (97, 96, 'Um visual cheio de forca personalidade e elegancia'),
    (98, 97, 'Voce tem o poder de transformar qualquer look basico em algo extraordinario'),
    (99, 97, 'Esse look exala autenticidade nao tem como nao notar'),
    (1, 98, 'A vibe desse visual ta muito Pinterest'),
    (2, 98, 'Toda fashionista deveria ver esse post serio'),
    (3, 99, 'Que harmonia Estilo e presenca num mesmo clique'),
    (4, 99, 'Cada detalhe dessa composicao mostra sua identidade');

INSERT INTO comments (user_id, post_id, text_comment) 
VALUES 
    (5, 100, 'Seu senso de estilo e realmente unico parabens'),
    (6, 100, 'Essa peca central e maravilhosa Super tendencia'),
    (7, 101, 'Look comfy com toque fashion Isso e tudo'),
    (8, 101, 'Voce nao segue tendencias voce cria'),
    (10, 102, 'Estilo e autoestima andam juntos aqui'),
    (11, 103, 'Uma explosao de estilo criatividade e confianca'), 
    (12, 103, 'Nunca vi uma combinacao tao bem pensada quanto essa'),
    (13, 104, 'Isso sim e saber se vestir com atitude'),
    (14, 104, 'Cada detalhe desse visual ta gritando personalidade'),
    (15, 105, 'A pegada minimalista deixou tudo ainda mais elegante'),
    (16, 105, 'Que producao estilosa Da ate vontade de montar um igual'),
    (17, 106, 'Esse blazer com jeans ficou incrivel demais'),
    (18, 106, 'Esse equilibrio entre pecas largas e justas ficou otimo'),
    (19, 107, 'Voce arrasou no look e na pose Tudo perfeito'),
    (20, 107, 'Um toque de ousadia nunca e demais e voce provou isso'),
    (21, 108, 'Esse visual ficou harmonico da cabeca aos pes'),
    (22, 108, 'Ta com cara de capa de revista Linda demais'),
    (23, 109, 'Sua identidade sempre aparece nos seus looks e isso e incrivel'),
    (24, 109, 'Esse look ta tao alinhado com sua vibe amei'),
    (25, 110, 'Ta um arraso do cabelo ao sapato'),
    (26, 110, 'Visual equilibrado bonito e cheio de estilo'),
    (27, 111, 'Essa producao tem impacto elegancia e muita personalidade'),
    (28, 111, 'Look pratico estiloso e super atual'),
    (29, 112, 'Sabe quando tudo da certo Foi o caso desse look'),
    (30, 112, 'Voce carrega o look com tanta confianca Isso e lindo de ver'),
    (31, 113, 'Amei a mistura de pecas classicas com toques modernos'),
    (32, 113, 'Esse visual ta vibrante estiloso e super inspirador'),
    (33, 114, 'Da pra ver que foi tudo feito com muito cuidado e estilo'),
    (34, 114, 'Esse fundo combinou demais com o look tudo perfeito'),
    (35, 115, 'Parece uma producao de cinema de tao bem feita'),
    (36, 115, 'Esse outfit me deixou apaixonadoa serio'),
    (37, 116, 'Voce ta servindo moda com personalidade em cada post'),
    (38, 116, 'Look do dia Mais parece look do ano'),
    (39, 117, 'Essa vibe ta maravilhosa quero copiar tudo'),
    (40, 117, 'Um estilo que equilibra conforto e elegancia com perfeicao'),
    (77, 118, 'Look comfy e fashion ao mesmo tempo'),
    (78, 118, 'Essa composicao ficou chiqueerrima'),
    (81, 120, 'O street style nunca esteve tao em alta'),
    (82, 120, 'Mix de estampas que funcionou perfeitamente'),
    (83, 121, 'Cores vibrantes que contagiam'),
    (84, 121, 'Visual urbano com identidade'),
    (85, 122, 'Trendy atual e super estilosa'),
    (87, 123, 'Inspiracao pura Cada dia um desfile diferente'),
    (88, 123, 'Look comfy e autentico adorei'),
    (89, 124, 'Totalmente fashion week vibes'),
    (90, 124, 'Estilo fresh e moderno'),
    (91, 125, 'Combinacao ousada e perfeita'),
    (93, 127, 'Look minimalista cheio de personalidade'),
    (94, 128, 'Acessorios on point'),
    (95, 127, 'Amei o contraste desse look'),
    (96, 127, 'Look com toque artistico e fashion'),
    (97, 128, 'Elegancia natural sem esforco'),
    (98, 128, 'Look romantico e moderno ao mesmo tempo'),
    (99, 129, 'Essa bota e tudo Arrasou demais'),
    (100, 129, 'Estilo urbano com alma fashionista'),
    (100, 130, 'Super criativa a combinacao'),
    (100, 130, 'Voce transforma qualquer roupa em tendencia'),
    (100, 131, 'Estilo comfy chic ativado'),
    (100, 131, 'Look poderoso e autentico'),
    (100, 132, 'Ousadia com elegancia amei'),
    (100, 132, 'Look tao leve quanto estiloso'),
    (100, 133, 'Chic cool na medida certa'),
    (100, 133, 'Amando essa estetica clean'),
    (100, 134, 'Visual despojado com toque de luxo'),
    (100, 134, 'Estilo que inspira Continue assim'),
    (100, 135, 'Color blocking maravilhoso'),
    (100, 135, 'Essa vibe fashion retro ta incrivel'),
    (100, 136, 'Look que brilha sem esforco'),
    (100, 136, 'Essa combinacao ta um escandalo de linda'),
    (100, 137, 'Mistura de texturas perfeita'),
    (100, 137, 'Super fashionista com esse look all black'),
    (100, 138, 'Elegancia moderna em cada detalhe'),
    (100, 138, 'Que arraso O look grita atitude'),
    (100, 138, 'Voce nasceu pra brilhar na moda'),
    (100, 138, 'Estilo proprio e marcante'),
    (100, 141, 'Tudo nesse look combina contigo'),
    (100, 142, 'Esse outfit e um verdadeiro statement'),
    (100, 141, 'A energia desse look e unica'),
    (100, 141, 'Super criativa e ousada na escolha'),
    (100, 142, 'Look pra copiar ja'),
    (100, 142, 'Chique e descolada como sempre'),
    (1, 143, 'Esse look e puro luxo'),
    (2, 143, 'O equilibrio entre conforto e estilo esta perfeito'),
    (3, 144, 'Voce domina a arte de se vestir bem'),
    (4, 144, 'Um visual que fala por si so'),
    (5, 144, 'Moderno autentico e super fashion'),
    (6, 145, 'Ousadia e elegancia no mesmo look'),
    (7, 145, 'Essa vibe retro ta incrivel'),
    (8, 145, 'Voce consegue reinventar a moda todo dia'),
    (10, 146, 'Casual com muita personalidade'),
    (11, 146, 'Esse outfit ta gritando estilo'),
    (12, 147, 'Que look iconico'),
    (13, 147, 'Essa producao ta surreal de linda'),
    (14, 147, 'Looks assim me inspiram demais'),
    (15, 148, 'Acessorios on point como sempre'),
    (16, 148, 'A harmonia desse look ta impecavel'),
    (17, 148, 'Moda com alma adorei demais'),
    (18, 149, 'O street style ganhou outra cara com voce'),
    (19, 149, 'Estilo refinado e super atual'),
    (20, 149, 'Simplesmente maravilhosa com esse visual');

INSERT INTO comments (user_id, post_id, text_comment) VALUES 
    (21, 2, 'Essa composicao ta perfeita dos pes a cabeca'),
    (22, 150, 'Um arraso de look como sempre'),
    (23, 151, 'Esse toque monocromatico ficou tudo'),
    (24, 151, 'Sempre inovando com estilo'),
    (25, 152, 'Mistura de texturas que funcionou demais'),
    (26, 152, 'Look inspirador e autentico'),
    (27, 151, 'Que criatividade na escolha das pecas'),
    (28, 152, 'Estilo que transborda charme'),
    (29, 154, 'Totalmente apaixonada por esse visual'),
    (30, 154, 'Elegancia e atitude em cada detalhe'),
    (31, 155, 'Super moderna e fashionista como sempre'),
    (32, 155, 'A vibe desse look ta sensacional'),
    (33, 156, 'Sempre entregando muito estilo'),
    (34, 156, 'Um look cheio de identidade'),
    (35, 157, 'O poder que esse outfit transmite'),
    (36, 157, 'Look comfy sem perder o glamour'),
    (37, 158, 'Esse conjunto ta perfeito demais'),
    (38, 158, 'Inspiracao fashion do dia'),
    (39, 159, 'Visual leve lindo e cheio de charme'),
    (40, 159, 'A moda agradece por esse look'),
    (41, 160, 'Que look fresh e descolado'),
    (42, 160, 'Fashion sem esforco amei'),
    (43, 161, 'Tao estilosa que ate o fundo combina contigo'),
    (44, 161, 'Look digno de editorial de revista'),
    (45, 162, 'Essa jaqueta e simplesmente perfeita'),
    (46, 162, 'Tendencia pura nesse visual'),
    (47, 163, 'Totalmente apaixonada pela escolha das cores'),
    (47, 163, 'Fashion em todos os angulos'),
    (49, 164, 'Uma verdadeira obra de arte esse outfit'),
    (50, 164, 'Estilo que inspira e encanta'),
    (35, 165, 'Elegancia natural e cheia de atitude'),
    (8, 165, 'Voce domina a arte de se vestir bem'),
    (78, 166, 'Que look iconico'),
    (69, 166, 'Sempre inovando com estilo'),
    (97, 167, 'Um look cheio de identidade'),
    (75, 167, 'Super moderna e fashionista como sempre'),
    (7, 168, 'Moda com alma adorei demais'),
    (80, 168, 'Super moderna e fashionista como sempre'),
    (19, 169, 'Um look cheio de identidade'),
    (54, 169, 'Acessorios on point como sempre'),
    (3, 170, 'Esse look ta impecavel'),
    (45, 170, 'A paleta de cores ficou incrivel'),
    (67, 171, 'Muito fashionista Adorei demais'),
    (12, 171, 'Voce entrega estilo em todos os detalhes'),
    (89, 172, 'Sensacional A vibe ta tudo'),
    (33, 172, 'Elegancia e ousadia em um so look'),
    (76, 173, 'Cada vez mais estilosa'),
    (4, 173, 'Esse visual ta digno de capa de revista'),
    (98, 174, 'Look confortavel e chique ao mesmo tempo'),
    (50, 174, 'A composicao ta perfeita to apaixonada'),
    (25, 175, 'Esse look ta falando alto'),
    (7, 175, 'Voce e pura inspiracao de moda'),
    (63, 175, 'Estilo autentico que inspira'),
    (38, 177, 'Look moderno com um toque retro amei'),
    (19, 177, 'Que combinacao mais criativa'),
    (85, 177, 'Muito conceito envolvido nesse outfit'),
    (34, 178, 'Referencia de estilo que fala ne'),
    (91, 179, 'Voce nunca erra no look e surreal'),
    (27, 179, 'Vontade de copiar esse visual agora'),
    (66, 180, 'Voce sempre arrasa nas producoes'),
    (80, 180, 'Essa energia fashion me pegou'),
    (22, 181, 'Acessorios no ponto certo'),
    (58, 181, 'Esse look e tudo que eu precisava ver hoje'),
    (14, 182, 'Tem como ser mais fashionista Amei'),
    (99, 183, 'Visual fresh e sofisticado ao mesmo tempo'),
    (11, 183, 'Estilo que inspira Ta linda demais'),
    (70, 184, 'Voce entende de moda como ninguem'),
    (36, 184, 'Aquela producao que levanta o astral'),
    (46, 185, 'Muito poder nesse look mds'),
    (31, 185, 'Essa estetica ta perfeita sem defeitos'),
    (52, 186, 'Ousadia com muito bom gosto'),
    (18, 186, 'Tudo casando perfeitamente Look 1010'),
    (64, 187, 'Referencia que fala ne'),
    (73, 187, 'To encantada com esse visual'),
    (29, 188, 'Sempre um show de estilo por aqui'),
    (5, 188, 'Daria um quadro esse look'),
    (81, 189, 'Composicao leve e super estilosa'),
    (16, 189, 'Voce e tendencia ambulante'),
    (93, 190, 'Detalhes que fazem toda a diferenca'),
    (40, 190, 'Perfeicao em forma de roupa'),
    (3, 191, 'Esse look fala por si so'),
    (87, 191, 'E sobre ser fashion e autentica'),
    (20, 192, 'To viciada no seu estilo'),
    (28, 192, 'Esse outfit ta tudo sem defeitos'),
    (59, 193, 'Chique moderna e criativa'),
    (95, 193, 'Fashion icon total'),
    (23, 194, 'Referencia fashion da semana com certeza'),
    (15, 194, 'Tudo bem escolhido e combinado'),
    (62, 195, 'Amando essa composicao com tons neutros'),
    (90, 195, 'Voce arrasa com pouco e com muito'),
    (26, 196, 'Essa producao ficou muito charmosa'),
    (10, 196, 'Tem talento ate pra montar looks'),
    (68, 198, 'Sofisticada na medida certa'),
    (53, 196, 'Puro charme esse look todo trabalhado'),
    (37, 198, 'Esse look grita elegancia'),
    (93, 198, 'Mais um look que vai direto pra minha pasta de inspiracao'),
    (2, 199, 'Estilo que combina com tua vibe'),
    (71, 199, 'Arrasou A harmonia das pecas ficou impecavel'),
    (35, 200, 'Look urbano e cheio de atitude'),
    (83, 200, 'Cada post e uma aula de moda');
